{
    "1899178896": {
        "name": "android.app.SharedPreferencesImpl$EditorImpl.putInt(java.lang.String,int)",
        "counter": 1
    },
    "1899190880": {
        "name": "android.app.SharedPreferencesImpl.getInt(java.lang.String,int)",
        "counter": 1
    },
    "1899388864": {
        "name": "android.content.ContextWrapper.startService(android.content.Intent)",
        "counter": 1
    },
    "1904266048": {
        "name": "android.webkit.WebView.loadUrl(java.lang.String)",
        "counter": 1
    },
    "1904269168": {
        "name": "android.webkit.WebView.setWebViewClient(android.webkit.WebViewClient)",
        "counter": 1
    },
    "1877253088": {
        "name": "java.io.FileInputStream.read(byte[],int,int)",
        "counter": 1
    },
    "1897990848": {
        "name": "android.app.NotificationManager.notify(java.lang.String,int,android.app.Notification)",
        "counter": 2
    },
    "1899364608": {
        "name": "android.content.ContentResolver.registerContentObserver(android.net.Uri,boolean,android.database.ContentObserver)",
        "counter": 2
    },
    "1903995424": {
        "name": "android.view.MotionEvent.obtain()",
        "counter": 2
    },
    "1878283216": {
        "name": "dalvik.system.BaseDexClassLoader.findLibrary(java.lang.String)",
        "counter": 2
    },
    "1900787952": {
        "name": "android.app.Activity.startActivity(android.content.Intent,android.os.Bundle)",
        "counter": 4
    },
    "1900787872": {
        "name": "android.app.Activity.startActivity(android.content.Intent)",
        "counter": 4
    },
    "1899364464": {
        "name": "android.content.ContentResolver.query(android.net.Uri,java.lang.String[],java.lang.String,java.lang.String[],java.lang.String,android.os.CancellationSignal)",
        "counter": 4
    },
    "1899388640": {
        "name": "android.content.ContextWrapper.startActivity(android.content.Intent)",
        "counter": 5
    },
    "1899053200": {
        "name": "android.app.ContextImpl.registerReceiver(android.content.BroadcastReceiver,android.content.IntentFilter,java.lang.String,android.os.Handler)",
        "counter": 7
    },
    "1899053008": {
        "name": "android.app.ContextImpl.registerReceiver(android.content.BroadcastReceiver,android.content.IntentFilter)",
        "counter": 7
    },
    "1897578400": {
        "name": "android.media.MediaRecorder.setCamera(android.hardware.Camera)",
        "counter": 7
    },
    "1899053376": {
        "name": "android.app.ContextImpl.registerReceiver(android.content.BroadcastReceiver,android.content.IntentFilter,java.lang.String,android.os.Handler,int)",
        "counter": 8
    },
    "1899179472": {
        "name": "android.app.SharedPreferencesImpl$EditorImpl.putString(java.lang.String,java.lang.String)",
        "counter": 8
    },
    "1899016288": {
        "name": "android.app.ContextImpl.checkSelfPermission(java.lang.String)",
        "counter": 10
    },
    "1899386416": {
        "name": "android.content.ContextWrapper.registerReceiver(android.content.BroadcastReceiver,android.content.IntentFilter)",
        "counter": 10
    },
    "1899365072": {
        "name": "android.content.ContentResolver.registerContentObserver(android.net.Uri,boolean,android.database.ContentObserver,int)",
        "counter": 14
    },
    "1899386768": {
        "name": "android.content.ContextWrapper.registerReceiver(android.content.BroadcastReceiver,android.content.IntentFilter,java.lang.String,android.os.Handler,int)",
        "counter": 16
    },
    "1899387296": {
        "name": "android.content.ContextWrapper.sendBroadcast(android.content.Intent)",
        "counter": 31
    },
    "1898839648": {
        "name": "android.app.ActivityThread.handleReceiver(android.app.ActivityThread$ReceiverData)",
        "counter": 32
    },
    "1902358864": {
        "name": "android.util.Base64.decode(byte[],int,int,int)",
        "counter": 45
    },
    "1902358672": {
        "name": "android.util.Base64.decode(java.lang.String,int)",
        "counter": 45
    },
    "1876569216": {
        "name": "java.io.FileOutputStream.write(byte[])",
        "counter": 47
    },
    "1902359488": {
        "name": "android.util.Base64.encode(byte[],int,int,int)",
        "counter": 57
    },
    "1902360000": {
        "name": "android.util.Base64.encodeToString(byte[],int)",
        "counter": 57
    },
    "1875965648": {
        "name": "java.security.MessageDigest.update(byte[])",
        "counter": 60
    },
    "1876758016": {
        "name": "java.net.Socket.<init>()",
        "counter": 61
    },
    "1875964880": {
        "name": "java.security.MessageDigest.digest(byte[])",
        "counter": 61
    },
    "1875964800": {
        "name": "java.security.MessageDigest.digest()",
        "counter": 61
    },
    "1877258880": {
        "name": "java.io.FileOutputStream.write(byte[],int,int)",
        "counter": 64
    },
    "1899178336": {
        "name": "android.app.SharedPreferencesImpl$EditorImpl.putBoolean(java.lang.String,boolean)",
        "counter": 70
    },
    "1878350320": {
        "name": "libcore.io.IoBridge.open(java.lang.String,int)",
        "counter": 72
    },
    "1899191552": {
        "name": "android.app.SharedPreferencesImpl.getString(java.lang.String,java.lang.String)",
        "counter": 92
    },
    "1899190192": {
        "name": "android.app.SharedPreferencesImpl.getBoolean(java.lang.String,boolean)",
        "counter": 100
    },
    "1876566400": {
        "name": "java.io.FileInputStream.read(byte[])",
        "counter": 1002
    },
    "1897553184": {
        "name": "android.media.MediaRecorder.setAudioSource(int)",
        "counter": 3895
    }
}