{
    "1902031568": {
        "name": "android.telephony.TelephonyManager.getLine1Number(int)",
        "counter": 1
    },
    "1902031344": {
        "name": "android.telephony.TelephonyManager.getLine1Number()",
        "counter": 1
    },
    "1902033296": {
        "name": "android.telephony.TelephonyManager.getNetworkCountryIso(int)",
        "counter": 1
    },
    "1902033200": {
        "name": "android.telephony.TelephonyManager.getNetworkCountryIso()",
        "counter": 1
    },
    "1902038912": {
        "name": "android.telephony.TelephonyManager.getSimOperatorName()",
        "counter": 1
    },
    "1878283216": {
        "name": "dalvik.system.BaseDexClassLoader.findLibrary(java.lang.String)",
        "counter": 1
    },
    "1878477408": {
        "name": "dalvik.system.DexClassLoader.<init>(java.lang.String,java.lang.String,java.lang.String,java.lang.ClassLoader)",
        "counter": 1
    },
    "1898839648": {
        "name": "android.app.ActivityThread.handleReceiver(android.app.ActivityThread$ReceiverData)",
        "counter": 2
    },
    "1898950880": {
        "name": "android.app.ApplicationPackageManager.getInstalledPackages(android.content.pm.PackageManager$PackageInfoFlags)",
        "counter": 2
    },
    "1898950768": {
        "name": "android.app.ApplicationPackageManager.getInstalledPackages(int)",
        "counter": 2
    },
    "1897578400": {
        "name": "android.media.MediaRecorder.setCamera(android.hardware.Camera)",
        "counter": 3
    },
    "1878420320": {
        "name": "org.json.JSONObject.put(java.lang.String,int)",
        "counter": 3
    },
    "1878420512": {
        "name": "org.json.JSONObject.put(java.lang.String,long)",
        "counter": 3
    },
    "1902358864": {
        "name": "android.util.Base64.decode(byte[],int,int,int)",
        "counter": 4
    },
    "1902358672": {
        "name": "android.util.Base64.decode(java.lang.String,int)",
        "counter": 4
    },
    "1902359488": {
        "name": "android.util.Base64.encode(byte[],int,int,int)",
        "counter": 4
    },
    "1902360000": {
        "name": "android.util.Base64.encodeToString(byte[],int)",
        "counter": 4
    },
    "1876758016": {
        "name": "java.net.Socket.<init>()",
        "counter": 4
    },
    "1878033728": {
        "name": "java.util.zip.GZIPOutputStream.write(byte[],int,int)",
        "counter": 4
    },
    "1901404176": {
        "name": "android.os.SystemProperties.get(java.lang.String)",
        "counter": 5
    },
    "1899178336": {
        "name": "android.app.SharedPreferencesImpl$EditorImpl.putBoolean(java.lang.String,boolean)",
        "counter": 6
    },
    "1875332976": {
        "name": "javax.crypto.Cipher.doFinal(byte[])",
        "counter": 7
    },
    "1877649248": {
        "name": "javax.crypto.spec.SecretKeySpec.<init>(byte[],java.lang.String)",
        "counter": 7
    },
    "1876569216": {
        "name": "java.io.FileOutputStream.write(byte[])",
        "counter": 8
    },
    "1899388640": {
        "name": "android.content.ContextWrapper.startActivity(android.content.Intent)",
        "counter": 9
    },
    "1899388864": {
        "name": "android.content.ContextWrapper.startService(android.content.Intent)",
        "counter": 9
    },
    "1878420960": {
        "name": "org.json.JSONObject.put(java.lang.String,boolean)",
        "counter": 9
    },
    "1897990752": {
        "name": "android.app.NotificationManager.notify(int,android.app.Notification)",
        "counter": 10
    },
    "1897990848": {
        "name": "android.app.NotificationManager.notify(java.lang.String,int,android.app.Notification)",
        "counter": 10
    },
    "1875964800": {
        "name": "java.security.MessageDigest.digest()",
        "counter": 10
    },
    "1875965648": {
        "name": "java.security.MessageDigest.update(byte[])",
        "counter": 10
    },
    "1899178896": {
        "name": "android.app.SharedPreferencesImpl$EditorImpl.putInt(java.lang.String,int)",
        "counter": 19
    },
    "1899179472": {
        "name": "android.app.SharedPreferencesImpl$EditorImpl.putString(java.lang.String,java.lang.String)",
        "counter": 27
    },
    "1899190192": {
        "name": "android.app.SharedPreferencesImpl.getBoolean(java.lang.String,boolean)",
        "counter": 29
    },
    "1878350320": {
        "name": "libcore.io.IoBridge.open(java.lang.String,int)",
        "counter": 33
    },
    "1899179200": {
        "name": "android.app.SharedPreferencesImpl$EditorImpl.putLong(java.lang.String,long)",
        "counter": 44
    },
    "1899191552": {
        "name": "android.app.SharedPreferencesImpl.getString(java.lang.String,java.lang.String)",
        "counter": 71
    },
    "1878420672": {
        "name": "org.json.JSONObject.put(java.lang.String,java.lang.Object)",
        "counter": 77
    },
    "1899190880": {
        "name": "android.app.SharedPreferencesImpl.getInt(java.lang.String,int)",
        "counter": 98
    },
    "1899191216": {
        "name": "android.app.SharedPreferencesImpl.getLong(java.lang.String,long)",
        "counter": 125
    },
    "1897553184": {
        "name": "android.media.MediaRecorder.setAudioSource(int)",
        "counter": 197
    },
    "1877258880": {
        "name": "java.io.FileOutputStream.write(byte[],int,int)",
        "counter": 316
    },
    "1899386416": {
        "name": "android.content.ContextWrapper.registerReceiver(android.content.BroadcastReceiver,android.content.IntentFilter)",
        "counter": 347
    },
    "1899053200": {
        "name": "android.app.ContextImpl.registerReceiver(android.content.BroadcastReceiver,android.content.IntentFilter,java.lang.String,android.os.Handler)",
        "counter": 350
    },
    "1899053008": {
        "name": "android.app.ContextImpl.registerReceiver(android.content.BroadcastReceiver,android.content.IntentFilter)",
        "counter": 350
    }
}