{
    "1898975904": {
        "name": "android.app.ApplicationPackageManager.setComponentEnabledSetting(android.content.ComponentName,int,int)",
        "counter": 1
    },
    "1878477408": {
        "name": "dalvik.system.DexClassLoader.<init>(java.lang.String,java.lang.String,java.lang.String,java.lang.ClassLoader)",
        "counter": 1
    },
    "1877253088": {
        "name": "java.io.FileInputStream.read(byte[],int,int)",
        "counter": 1
    },
    "1897717824": {
        "name": "android.accounts.AccountManager.getAccountsByType(java.lang.String)",
        "counter": 2
    },
    "1898839648": {
        "name": "android.app.ActivityThread.handleReceiver(android.app.ActivityThread$ReceiverData)",
        "counter": 2
    },
    "1899053200": {
        "name": "android.app.ContextImpl.registerReceiver(android.content.BroadcastReceiver,android.content.IntentFilter,java.lang.String,android.os.Handler)",
        "counter": 2
    },
    "1899053008": {
        "name": "android.app.ContextImpl.registerReceiver(android.content.BroadcastReceiver,android.content.IntentFilter)",
        "counter": 2
    },
    "1899386416": {
        "name": "android.content.ContextWrapper.registerReceiver(android.content.BroadcastReceiver,android.content.IntentFilter)",
        "counter": 2
    },
    "1902359488": {
        "name": "android.util.Base64.encode(byte[],int,int,int)",
        "counter": 2
    },
    "1902360000": {
        "name": "android.util.Base64.encodeToString(byte[],int)",
        "counter": 2
    },
    "1875932960": {
        "name": "java.net.URL.openConnection()",
        "counter": 5
    },
    "1897990752": {
        "name": "android.app.NotificationManager.notify(int,android.app.Notification)",
        "counter": 14
    },
    "1897990848": {
        "name": "android.app.NotificationManager.notify(java.lang.String,int,android.app.Notification)",
        "counter": 14
    },
    "1876569216": {
        "name": "java.io.FileOutputStream.write(byte[])",
        "counter": 24
    },
    "1878420672": {
        "name": "org.json.JSONObject.put(java.lang.String,java.lang.Object)",
        "counter": 32
    },
    "1899388864": {
        "name": "android.content.ContextWrapper.startService(android.content.Intent)",
        "counter": 34
    },
    "1875964880": {
        "name": "java.security.MessageDigest.digest(byte[])",
        "counter": 42
    },
    "1875964800": {
        "name": "java.security.MessageDigest.digest()",
        "counter": 42
    },
    "1875965648": {
        "name": "java.security.MessageDigest.update(byte[])",
        "counter": 44
    },
    "1877258880": {
        "name": "java.io.FileOutputStream.write(byte[],int,int)",
        "counter": 126
    },
    "1878350320": {
        "name": "libcore.io.IoBridge.open(java.lang.String,int)",
        "counter": 132
    },
    "1899179472": {
        "name": "android.app.SharedPreferencesImpl$EditorImpl.putString(java.lang.String,java.lang.String)",
        "counter": 134
    },
    "1897553184": {
        "name": "android.media.MediaRecorder.setAudioSource(int)",
        "counter": 198
    },
    "1876566400": {
        "name": "java.io.FileInputStream.read(byte[])",
        "counter": 691
    },
    "1899191552": {
        "name": "android.app.SharedPreferencesImpl.getString(java.lang.String,java.lang.String)",
        "counter": 1026
    },
    "1902358672": {
        "name": "android.util.Base64.decode(java.lang.String,int)",
        "counter": 4209
    },
    "1902358864": {
        "name": "android.util.Base64.decode(byte[],int,int,int)",
        "counter": 5958
    }
}