{
    "1899388976": {
        "name": "android.content.ContextWrapper.stopService(android.content.Intent)",
        "counter": 1
    },
    "1878738512": {
        "name": "com.android.okhttp.internal.huc.HttpURLConnectionImpl.getInputStream()",
        "counter": 1
    },
    "1897990752": {
        "name": "android.app.NotificationManager.notify(int,android.app.Notification)",
        "counter": 2
    },
    "1897990848": {
        "name": "android.app.NotificationManager.notify(java.lang.String,int,android.app.Notification)",
        "counter": 2
    },
    "1899364320": {
        "name": "android.content.ContentResolver.query(android.net.Uri,java.lang.String[],java.lang.String,java.lang.String[],java.lang.String)",
        "counter": 2
    },
    "1899388864": {
        "name": "android.content.ContextWrapper.startService(android.content.Intent)",
        "counter": 2
    },
    "1902034704": {
        "name": "android.telephony.TelephonyManager.getNetworkOperatorName(int)",
        "counter": 2
    },
    "1902034480": {
        "name": "android.telephony.TelephonyManager.getNetworkOperatorName()",
        "counter": 2
    },
    "1903995424": {
        "name": "android.view.MotionEvent.obtain()",
        "counter": 2
    },
    "1897578400": {
        "name": "android.media.MediaRecorder.setCamera(android.hardware.Camera)",
        "counter": 3
    },
    "1902358864": {
        "name": "android.util.Base64.decode(byte[],int,int,int)",
        "counter": 3
    },
    "1902358672": {
        "name": "android.util.Base64.decode(java.lang.String,int)",
        "counter": 3
    },
    "1898975904": {
        "name": "android.app.ApplicationPackageManager.setComponentEnabledSetting(android.content.ComponentName,int,int)",
        "counter": 4
    },
    "1899179200": {
        "name": "android.app.SharedPreferencesImpl$EditorImpl.putLong(java.lang.String,long)",
        "counter": 4
    },
    "1902033296": {
        "name": "android.telephony.TelephonyManager.getNetworkCountryIso(int)",
        "counter": 4
    },
    "1902033200": {
        "name": "android.telephony.TelephonyManager.getNetworkCountryIso()",
        "counter": 4
    },
    "1900787952": {
        "name": "android.app.Activity.startActivity(android.content.Intent,android.os.Bundle)",
        "counter": 6
    },
    "1900787872": {
        "name": "android.app.Activity.startActivity(android.content.Intent)",
        "counter": 6
    },
    "1899053200": {
        "name": "android.app.ContextImpl.registerReceiver(android.content.BroadcastReceiver,android.content.IntentFilter,java.lang.String,android.os.Handler)",
        "counter": 6
    },
    "1899053008": {
        "name": "android.app.ContextImpl.registerReceiver(android.content.BroadcastReceiver,android.content.IntentFilter)",
        "counter": 6
    },
    "1899386416": {
        "name": "android.content.ContextWrapper.registerReceiver(android.content.BroadcastReceiver,android.content.IntentFilter)",
        "counter": 6
    },
    "1899179472": {
        "name": "android.app.SharedPreferencesImpl$EditorImpl.putString(java.lang.String,java.lang.String)",
        "counter": 9
    },
    "1899388640": {
        "name": "android.content.ContextWrapper.startActivity(android.content.Intent)",
        "counter": 11
    },
    "1877258880": {
        "name": "java.io.FileOutputStream.write(byte[],int,int)",
        "counter": 11
    },
    "1878350320": {
        "name": "libcore.io.IoBridge.open(java.lang.String,int)",
        "counter": 11
    },
    "1899178336": {
        "name": "android.app.SharedPreferencesImpl$EditorImpl.putBoolean(java.lang.String,boolean)",
        "counter": 19
    },
    "1875932960": {
        "name": "java.net.URL.openConnection()",
        "counter": 22
    },
    "1878420672": {
        "name": "org.json.JSONObject.put(java.lang.String,java.lang.Object)",
        "counter": 26
    },
    "1899191552": {
        "name": "android.app.SharedPreferencesImpl.getString(java.lang.String,java.lang.String)",
        "counter": 90
    },
    "1899190880": {
        "name": "android.app.SharedPreferencesImpl.getInt(java.lang.String,int)",
        "counter": 91
    },
    "1899191216": {
        "name": "android.app.SharedPreferencesImpl.getLong(java.lang.String,long)",
        "counter": 170
    },
    "1899016288": {
        "name": "android.app.ContextImpl.checkSelfPermission(java.lang.String)",
        "counter": 269
    },
    "1899190192": {
        "name": "android.app.SharedPreferencesImpl.getBoolean(java.lang.String,boolean)",
        "counter": 285
    },
    "1897553184": {
        "name": "android.media.MediaRecorder.setAudioSource(int)",
        "counter": 771
    }
}