{
    "1899191904": {
        "name": "android.app.SharedPreferencesImpl.getStringSet(java.lang.String,java.util.Set)",
        "counter": 1
    },
    "1899364464": {
        "name": "android.content.ContentResolver.query(android.net.Uri,java.lang.String[],java.lang.String,java.lang.String[],java.lang.String,android.os.CancellationSignal)",
        "counter": 1
    },
    "1899706208": {
        "name": "android.database.sqlite.SQLiteDatabase.execSQL(java.lang.String)",
        "counter": 1
    },
    "1901404256": {
        "name": "android.os.SystemProperties.get(java.lang.String,java.lang.String)",
        "counter": 1
    },
    "1902359408": {
        "name": "android.util.Base64.encode(byte[],int)",
        "counter": 1
    },
    "1878477408": {
        "name": "dalvik.system.DexClassLoader.<init>(java.lang.String,java.lang.String,java.lang.String,java.lang.ClassLoader)",
        "counter": 1
    },
    "1876758816": {
        "name": "java.net.Socket.<init>(java.net.InetAddress[],int,java.net.SocketAddress,boolean)",
        "counter": 1
    },
    "1898975904": {
        "name": "android.app.ApplicationPackageManager.setComponentEnabledSetting(android.content.ComponentName,int,int)",
        "counter": 2
    },
    "1899053200": {
        "name": "android.app.ContextImpl.registerReceiver(android.content.BroadcastReceiver,android.content.IntentFilter,java.lang.String,android.os.Handler)",
        "counter": 2
    },
    "1899053008": {
        "name": "android.app.ContextImpl.registerReceiver(android.content.BroadcastReceiver,android.content.IntentFilter)",
        "counter": 2
    },
    "1899179728": {
        "name": "android.app.SharedPreferencesImpl$EditorImpl.putStringSet(java.lang.String,java.util.Set)",
        "counter": 2
    },
    "1899180032": {
        "name": "android.app.SharedPreferencesImpl$EditorImpl.remove(java.lang.String)",
        "counter": 2
    },
    "1899386416": {
        "name": "android.content.ContextWrapper.registerReceiver(android.content.BroadcastReceiver,android.content.IntentFilter)",
        "counter": 2
    },
    "1899388640": {
        "name": "android.content.ContextWrapper.startActivity(android.content.Intent)",
        "counter": 2
    },
    "1878283216": {
        "name": "dalvik.system.BaseDexClassLoader.findLibrary(java.lang.String)",
        "counter": 2
    },
    "1878033728": {
        "name": "java.util.zip.GZIPOutputStream.write(byte[],int,int)",
        "counter": 2
    },
    "1899364320": {
        "name": "android.content.ContentResolver.query(android.net.Uri,java.lang.String[],java.lang.String,java.lang.String[],java.lang.String)",
        "counter": 3
    },
    "1899365072": {
        "name": "android.content.ContentResolver.registerContentObserver(android.net.Uri,boolean,android.database.ContentObserver,int)",
        "counter": 3
    },
    "1899364608": {
        "name": "android.content.ContentResolver.registerContentObserver(android.net.Uri,boolean,android.database.ContentObserver)",
        "counter": 3
    },
    "1899385648": {
        "name": "android.content.ContextWrapper.openFileOutput(java.lang.String,int)",
        "counter": 3
    },
    "1899016288": {
        "name": "android.app.ContextImpl.checkSelfPermission(java.lang.String)",
        "counter": 6
    },
    "1899053376": {
        "name": "android.app.ContextImpl.registerReceiver(android.content.BroadcastReceiver,android.content.IntentFilter,java.lang.String,android.os.Handler,int)",
        "counter": 6
    },
    "1899178896": {
        "name": "android.app.SharedPreferencesImpl$EditorImpl.putInt(java.lang.String,int)",
        "counter": 6
    },
    "1899379696": {
        "name": "android.content.ContextWrapper.deleteFile(java.lang.String)",
        "counter": 7
    },
    "1899708800": {
        "name": "android.database.sqlite.SQLiteDatabase.insertOrThrow(java.lang.String,java.lang.String,android.content.ContentValues)",
        "counter": 7
    },
    "1899708896": {
        "name": "android.database.sqlite.SQLiteDatabase.insertWithOnConflict(java.lang.String,java.lang.String,android.content.ContentValues,int)",
        "counter": 7
    },
    "1875932960": {
        "name": "java.net.URL.openConnection()",
        "counter": 7
    },
    "1878420512": {
        "name": "org.json.JSONObject.put(java.lang.String,long)",
        "counter": 8
    },
    "1899179472": {
        "name": "android.app.SharedPreferencesImpl$EditorImpl.putString(java.lang.String,java.lang.String)",
        "counter": 9
    },
    "1902360000": {
        "name": "android.util.Base64.encodeToString(byte[],int)",
        "counter": 10
    },
    "1878420320": {
        "name": "org.json.JSONObject.put(java.lang.String,int)",
        "counter": 10
    },
    "1902359488": {
        "name": "android.util.Base64.encode(byte[],int,int,int)",
        "counter": 11
    },
    "1878738512": {
        "name": "com.android.okhttp.internal.huc.HttpURLConnectionImpl.getInputStream()",
        "counter": 11
    },
    "1899386768": {
        "name": "android.content.ContextWrapper.registerReceiver(android.content.BroadcastReceiver,android.content.IntentFilter,java.lang.String,android.os.Handler,int)",
        "counter": 12
    },
    "1897578400": {
        "name": "android.media.MediaRecorder.setCamera(android.hardware.Camera)",
        "counter": 12
    },
    "1899178336": {
        "name": "android.app.SharedPreferencesImpl$EditorImpl.putBoolean(java.lang.String,boolean)",
        "counter": 13
    },
    "1899711680": {
        "name": "android.database.sqlite.SQLiteDatabase.query(java.lang.String,java.lang.String[],java.lang.String,java.lang.String[],java.lang.String,java.lang.String,java.lang.String,java.lang.String)",
        "counter": 14
    },
    "1899703472": {
        "name": "android.database.sqlite.SQLiteDatabase.compileStatement(java.lang.String)",
        "counter": 15
    },
    "1899701536": {
        "name": "android.database.sqlite.SQLiteDatabase.openDatabase(java.lang.String,android.database.sqlite.SQLiteDatabase$OpenParams)",
        "counter": 15
    },
    "1899711504": {
        "name": "android.database.sqlite.SQLiteDatabase.query(java.lang.String,java.lang.String[],java.lang.String,java.lang.String[],java.lang.String,java.lang.String,java.lang.String)",
        "counter": 15
    },
    "1899190192": {
        "name": "android.app.SharedPreferencesImpl.getBoolean(java.lang.String,boolean)",
        "counter": 19
    },
    "1899712560": {
        "name": "android.database.sqlite.SQLiteDatabase.rawQuery(java.lang.String,java.lang.String[])",
        "counter": 22
    },
    "1899191216": {
        "name": "android.app.SharedPreferencesImpl.getLong(java.lang.String,long)",
        "counter": 24
    },
    "1899190880": {
        "name": "android.app.SharedPreferencesImpl.getInt(java.lang.String,int)",
        "counter": 26
    },
    "1899179200": {
        "name": "android.app.SharedPreferencesImpl$EditorImpl.putLong(java.lang.String,long)",
        "counter": 27
    },
    "1899712224": {
        "name": "android.database.sqlite.SQLiteDatabase.queryWithFactory(android.database.sqlite.SQLiteDatabase$CursorFactory,boolean,java.lang.String,java.lang.String[],java.lang.String,java.lang.String[],java.lang.String,java.lang.String,java.lang.String,java.lang.String,android.os.CancellationSignal)",
        "counter": 29
    },
    "1878420672": {
        "name": "org.json.JSONObject.put(java.lang.String,java.lang.Object)",
        "counter": 36
    },
    "1899707520": {
        "name": "android.database.sqlite.SQLiteDatabase.getPath()",
        "counter": 37
    },
    "1877253088": {
        "name": "java.io.FileInputStream.read(byte[],int,int)",
        "counter": 39
    },
    "1899712896": {
        "name": "android.database.sqlite.SQLiteDatabase.rawQueryWithFactory(android.database.sqlite.SQLiteDatabase$CursorFactory,java.lang.String,java.lang.String[],java.lang.String,android.os.CancellationSignal)",
        "counter": 51
    },
    "1899189376": {
        "name": "android.app.SharedPreferencesImpl.contains(java.lang.String)",
        "counter": 55
    },
    "1875964880": {
        "name": "java.security.MessageDigest.digest(byte[])",
        "counter": 57
    },
    "1875964800": {
        "name": "java.security.MessageDigest.digest()",
        "counter": 58
    },
    "1875965648": {
        "name": "java.security.MessageDigest.update(byte[])",
        "counter": 61
    },
    "1876569216": {
        "name": "java.io.FileOutputStream.write(byte[])",
        "counter": 62
    },
    "1877258880": {
        "name": "java.io.FileOutputStream.write(byte[],int,int)",
        "counter": 67
    },
    "1899191552": {
        "name": "android.app.SharedPreferencesImpl.getString(java.lang.String,java.lang.String)",
        "counter": 68
    },
    "1878350320": {
        "name": "libcore.io.IoBridge.open(java.lang.String,int)",
        "counter": 78
    },
    "1878419952": {
        "name": "org.json.JSONObject.optString(java.lang.String,java.lang.String)",
        "counter": 80
    },
    "1876566400": {
        "name": "java.io.FileInputStream.read(byte[])",
        "counter": 879
    },
    "1897553184": {
        "name": "android.media.MediaRecorder.setAudioSource(int)",
        "counter": 45029
    }
}