{
    "1898950880": {
        "name": "android.app.ApplicationPackageManager.getInstalledPackages(android.content.pm.PackageManager$PackageInfoFlags)",
        "counter": 1
    },
    "1898950768": {
        "name": "android.app.ApplicationPackageManager.getInstalledPackages(int)",
        "counter": 1
    },
    "1897990752": {
        "name": "android.app.NotificationManager.notify(int,android.app.Notification)",
        "counter": 1
    },
    "1897990848": {
        "name": "android.app.NotificationManager.notify(java.lang.String,int,android.app.Notification)",
        "counter": 1
    },
    "1899178336": {
        "name": "android.app.SharedPreferencesImpl$EditorImpl.putBoolean(java.lang.String,boolean)",
        "counter": 1
    },
    "1899178896": {
        "name": "android.app.SharedPreferencesImpl$EditorImpl.putInt(java.lang.String,int)",
        "counter": 1
    },
    "1904269168": {
        "name": "android.webkit.WebView.setWebViewClient(android.webkit.WebViewClient)",
        "counter": 1
    },
    "1878477408": {
        "name": "dalvik.system.DexClassLoader.<init>(java.lang.String,java.lang.String,java.lang.String,java.lang.ClassLoader)",
        "counter": 1
    },
    "1877253088": {
        "name": "java.io.FileInputStream.read(byte[],int,int)",
        "counter": 1
    },
    "1898839648": {
        "name": "android.app.ActivityThread.handleReceiver(android.app.ActivityThread$ReceiverData)",
        "counter": 2
    },
    "1899364608": {
        "name": "android.content.ContentResolver.registerContentObserver(android.net.Uri,boolean,android.database.ContentObserver)",
        "counter": 2
    },
    "1902033296": {
        "name": "android.telephony.TelephonyManager.getNetworkCountryIso(int)",
        "counter": 2
    },
    "1902033200": {
        "name": "android.telephony.TelephonyManager.getNetworkCountryIso()",
        "counter": 2
    },
    "1902038912": {
        "name": "android.telephony.TelephonyManager.getSimOperatorName()",
        "counter": 2
    },
    "1899388640": {
        "name": "android.content.ContextWrapper.startActivity(android.content.Intent)",
        "counter": 3
    },
    "1899388864": {
        "name": "android.content.ContextWrapper.startService(android.content.Intent)",
        "counter": 3
    },
    "1878283216": {
        "name": "dalvik.system.BaseDexClassLoader.findLibrary(java.lang.String)",
        "counter": 3
    },
    "1899364464": {
        "name": "android.content.ContentResolver.query(android.net.Uri,java.lang.String[],java.lang.String,java.lang.String[],java.lang.String,android.os.CancellationSignal)",
        "counter": 4
    },
    "1901404176": {
        "name": "android.os.SystemProperties.get(java.lang.String)",
        "counter": 4
    },
    "1899179472": {
        "name": "android.app.SharedPreferencesImpl$EditorImpl.putString(java.lang.String,java.lang.String)",
        "counter": 5
    },
    "1899053376": {
        "name": "android.app.ContextImpl.registerReceiver(android.content.BroadcastReceiver,android.content.IntentFilter,java.lang.String,android.os.Handler,int)",
        "counter": 8
    },
    "1902358864": {
        "name": "android.util.Base64.decode(byte[],int,int,int)",
        "counter": 8
    },
    "1902358672": {
        "name": "android.util.Base64.decode(java.lang.String,int)",
        "counter": 8
    },
    "1897578400": {
        "name": "android.media.MediaRecorder.setCamera(android.hardware.Camera)",
        "counter": 9
    },
    "1878420960": {
        "name": "org.json.JSONObject.put(java.lang.String,boolean)",
        "counter": 10
    },
    "1878420320": {
        "name": "org.json.JSONObject.put(java.lang.String,int)",
        "counter": 10
    },
    "1876758016": {
        "name": "java.net.Socket.<init>()",
        "counter": 11
    },
    "1899365072": {
        "name": "android.content.ContentResolver.registerContentObserver(android.net.Uri,boolean,android.database.ContentObserver,int)",
        "counter": 14
    },
    "1899179200": {
        "name": "android.app.SharedPreferencesImpl$EditorImpl.putLong(java.lang.String,long)",
        "counter": 15
    },
    "1899386768": {
        "name": "android.content.ContextWrapper.registerReceiver(android.content.BroadcastReceiver,android.content.IntentFilter,java.lang.String,android.os.Handler,int)",
        "counter": 16
    },
    "1877258880": {
        "name": "java.io.FileOutputStream.write(byte[],int,int)",
        "counter": 17
    },
    "1878350320": {
        "name": "libcore.io.IoBridge.open(java.lang.String,int)",
        "counter": 26
    },
    "1899191552": {
        "name": "android.app.SharedPreferencesImpl.getString(java.lang.String,java.lang.String)",
        "counter": 35
    },
    "1902359488": {
        "name": "android.util.Base64.encode(byte[],int,int,int)",
        "counter": 40
    },
    "1902360000": {
        "name": "android.util.Base64.encodeToString(byte[],int)",
        "counter": 40
    },
    "1878033728": {
        "name": "java.util.zip.GZIPOutputStream.write(byte[],int,int)",
        "counter": 40
    },
    "1875332976": {
        "name": "javax.crypto.Cipher.doFinal(byte[])",
        "counter": 40
    },
    "1877649248": {
        "name": "javax.crypto.spec.SecretKeySpec.<init>(byte[],java.lang.String)",
        "counter": 50
    },
    "1875964880": {
        "name": "java.security.MessageDigest.digest(byte[])",
        "counter": 59
    },
    "1875964800": {
        "name": "java.security.MessageDigest.digest()",
        "counter": 119
    },
    "1875965648": {
        "name": "java.security.MessageDigest.update(byte[])",
        "counter": 121
    },
    "1899190880": {
        "name": "android.app.SharedPreferencesImpl.getInt(java.lang.String,int)",
        "counter": 123
    },
    "1876569216": {
        "name": "java.io.FileOutputStream.write(byte[])",
        "counter": 134
    },
    "1878420672": {
        "name": "org.json.JSONObject.put(java.lang.String,java.lang.Object)",
        "counter": 157
    },
    "1899190192": {
        "name": "android.app.SharedPreferencesImpl.getBoolean(java.lang.String,boolean)",
        "counter": 162
    },
    "1899053200": {
        "name": "android.app.ContextImpl.registerReceiver(android.content.BroadcastReceiver,android.content.IntentFilter,java.lang.String,android.os.Handler)",
        "counter": 369
    },
    "1899053008": {
        "name": "android.app.ContextImpl.registerReceiver(android.content.BroadcastReceiver,android.content.IntentFilter)",
        "counter": 369
    },
    "1899386416": {
        "name": "android.content.ContextWrapper.registerReceiver(android.content.BroadcastReceiver,android.content.IntentFilter)",
        "counter": 371
    },
    "1899191216": {
        "name": "android.app.SharedPreferencesImpl.getLong(java.lang.String,long)",
        "counter": 480
    },
    "1897553184": {
        "name": "android.media.MediaRecorder.setAudioSource(int)",
        "counter": 762
    },
    "1876566400": {
        "name": "java.io.FileInputStream.read(byte[])",
        "counter": 1051
    }
}