{
    "kprobes-syscalls": [],
    "kprobes-non-syscalls": [],
    "uprobes-so": [],
    "uprobes-oat": [
        {"function": "android.accounts.AccountManager.getAccountsByType(java.lang.String)", "oat_file": "/system/framework/x86_64/boot-framework.oat", "override": false},
        {"function": "android.accounts.AccountManager.getAccounts()", "oat_file": "/system/framework/x86_64/boot-framework.oat", "override": false},
        {"function": "android.app.Activity.startActivity(android.content.Intent, android.os.Bundle)", "oat_file": "/system/framework/x86_64/boot-framework.oat", "override": false},
        {"function": "android.app.Activity.startActivity(android.content.Intent)", "oat_file": "/system/framework/x86_64/boot-framework.oat", "override": false},
        {"function": "android.app.ActivityThread.handleReceiver(android.app.ActivityThread$ReceiverData)", "oat_file": "/system/framework/x86_64/boot-framework.oat", "override": false},
        {"function": "android.app.ApplicationPackageManager.getInstalledPackages(android.content.pm.PackageManager$PackageInfoFlags)", "oat_file": "/system/framework/x86_64/boot-framework.oat", "override": false},
        {"function": "android.app.ApplicationPackageManager.getInstalledPackages(int)", "oat_file": "/system/framework/x86_64/boot-framework.oat", "override": false},
        {"function": "android.app.ApplicationPackageManager.setComponentEnabledSetting(android.content.ComponentName, int, int)", "oat_file": "/system/framework/x86_64/boot-framework.oat", "override": false},
        {"function": "android.app.ContextImpl.checkSelfPermission(java.lang.String)", "oat_file": "/system/framework/x86_64/boot-framework.oat", "override": false},
        {"function": "android.app.ContextImpl.registerReceiver(android.content.BroadcastReceiver, android.content.IntentFilter, int)", "oat_file": "/system/framework/x86_64/boot-framework.oat", "override": false},
        {"function": "android.app.ContextImpl.registerReceiver(android.content.BroadcastReceiver, android.content.IntentFilter, java.lang.String, android.os.Handler, int)", "oat_file": "/system/framework/x86_64/boot-framework.oat", "override": false},
        {"function": "android.app.ContextImpl.registerReceiver(android.content.BroadcastReceiver, android.content.IntentFilter, java.lang.String, android.os.Handler)", "oat_file": "/system/framework/x86_64/boot-framework.oat", "override": false},
        {"function": "android.app.ContextImpl.registerReceiver(android.content.BroadcastReceiver, android.content.IntentFilter)", "oat_file": "/system/framework/x86_64/boot-framework.oat", "override": false},
        {"function": "android.app.NotificationManager.notify(int, android.app.Notification)", "oat_file": "/system/framework/x86_64/boot-framework.oat", "override": false},
        {"function": "android.app.NotificationManager.notify(java.lang.String, int, android.app.Notification)", "oat_file": "/system/framework/x86_64/boot-framework.oat", "override": false},
        {"function": "android.app.SharedPreferencesImpl$EditorImpl.putBoolean(java.lang.String, boolean)", "oat_file": "/system/framework/x86_64/boot-framework.oat", "override": false},
        {"function": "android.app.SharedPreferencesImpl$EditorImpl.putFloat(java.lang.String, float)", "oat_file": "/system/framework/x86_64/boot-framework.oat", "override": false},
        {"function": "android.app.SharedPreferencesImpl$EditorImpl.putInt(java.lang.String, int)", "oat_file": "/system/framework/x86_64/boot-framework.oat", "override": false},
        {"function": "android.app.SharedPreferencesImpl$EditorImpl.putLong(java.lang.String, long)", "oat_file": "/system/framework/x86_64/boot-framework.oat", "override": false},
        {"function": "android.app.SharedPreferencesImpl$EditorImpl.putString(java.lang.String, java.lang.String)", "oat_file": "/system/framework/x86_64/boot-framework.oat", "override": false},
        {"function": "android.app.SharedPreferencesImpl$EditorImpl.putStringSet(java.lang.String, java.util.Set)", "oat_file": "/system/framework/x86_64/boot-framework.oat", "override": false},
        {"function": "android.app.SharedPreferencesImpl$EditorImpl.remove(java.lang.String)", "oat_file": "/system/framework/x86_64/boot-framework.oat", "override": false},
        {"function": "android.app.SharedPreferencesImpl.contains(java.lang.String)", "oat_file": "/system/framework/x86_64/boot-framework.oat", "override": false},
        {"function": "android.app.SharedPreferencesImpl.getBoolean(java.lang.String, boolean)", "oat_file": "/system/framework/x86_64/boot-framework.oat", "override": false},
        {"function": "android.app.SharedPreferencesImpl.getFloat(java.lang.String, float)", "oat_file": "/system/framework/x86_64/boot-framework.oat", "override": false},
        {"function": "android.app.SharedPreferencesImpl.getInt(java.lang.String, int)", "oat_file": "/system/framework/x86_64/boot-framework.oat", "override": false},
        {"function": "android.app.SharedPreferencesImpl.getLong(java.lang.String, long)", "oat_file": "/system/framework/x86_64/boot-framework.oat", "override": false},
        {"function": "android.app.SharedPreferencesImpl.getString(java.lang.String, java.lang.String)", "oat_file": "/system/framework/x86_64/boot-framework.oat", "override": false},
        {"function": "android.app.SharedPreferencesImpl.getStringSet(java.lang.String, java.util.Set)", "oat_file": "/system/framework/x86_64/boot-framework.oat", "override": false},
        {"function": "android.content.ClipboardManager.getPrimaryClip()", "oat_file": "/system/framework/x86_64/boot-framework.oat", "override": false},
        {"function": "android.content.ContentResolver.delete(android.net.Uri, android.os.Bundle)", "oat_file": "/system/framework/x86_64/boot-framework.oat", "override": false},
        {"function": "android.content.ContentResolver.delete(android.net.Uri, java.lang.String, java.lang.String[])", "oat_file": "/system/framework/x86_64/boot-framework.oat", "override": false},
        {"function": "android.content.ContentResolver.insert(android.net.Uri, android.content.ContentValues, android.os.Bundle)", "oat_file": "/system/framework/x86_64/boot-framework.oat", "override": false},
        {"function": "android.content.ContentResolver.insert(android.net.Uri, android.content.ContentValues)", "oat_file": "/system/framework/x86_64/boot-framework.oat", "override": false},
        {"function": "android.content.ContentResolver.query(android.net.Uri, java.lang.String[], java.lang.String, java.lang.String[], java.lang.String, android.os.CancellationSignal)", "oat_file": "/system/framework/x86_64/boot-framework.oat", "override": false},
        {"function": "android.content.ContentResolver.query(android.net.Uri, java.lang.String[], java.lang.String, java.lang.String[], java.lang.String)", "oat_file": "/system/framework/x86_64/boot-framework.oat", "override": false},
        {"function": "android.content.ContentResolver.registerContentObserver(android.net.Uri, boolean, android.database.ContentObserver, int)", "oat_file": "/system/framework/x86_64/boot-framework.oat", "override": false},
        {"function": "android.content.ContentResolver.registerContentObserver(android.net.Uri, boolean, android.database.ContentObserver)", "oat_file": "/system/framework/x86_64/boot-framework.oat", "override": false},
        {"function": "android.content.ContextWrapper.databaseList()", "oat_file": "/system/framework/x86_64/boot-framework.oat", "override": false},
        {"function": "android.content.ContextWrapper.deleteDatabase(java.lang.String)", "oat_file": "/system/framework/x86_64/boot-framework.oat", "override": false},
        {"function": "android.content.ContextWrapper.deleteFile(java.lang.String)", "oat_file": "/system/framework/x86_64/boot-framework.oat", "override": false},
        {"function": "android.content.ContextWrapper.openFileInput(java.lang.String)", "oat_file": "/system/framework/x86_64/boot-framework.oat", "override": false},
        {"function": "android.content.ContextWrapper.openFileOutput(java.lang.String, int)", "oat_file": "/system/framework/x86_64/boot-framework.oat", "override": false},
        {"function": "android.content.ContextWrapper.openOrCreateDatabase(java.lang.String, int, android.database.sqlite.SQLiteDatabase$CursorFactory)", "oat_file": "/system/framework/x86_64/boot-framework.oat", "override": false},
        {"function": "android.content.ContextWrapper.registerReceiver(android.content.BroadcastReceiver, android.content.IntentFilter, int)", "oat_file": "/system/framework/x86_64/boot-framework.oat", "override": false},
        {"function": "android.content.ContextWrapper.registerReceiver(android.content.BroadcastReceiver, android.content.IntentFilter, java.lang.String, android.os.Handler, int)", "oat_file": "/system/framework/x86_64/boot-framework.oat", "override": false},
        {"function": "android.content.ContextWrapper.registerReceiver(android.content.BroadcastReceiver, android.content.IntentFilter, java.lang.String, android.os.Handler)", "oat_file": "/system/framework/x86_64/boot-framework.oat", "override": false},
        {"function": "android.content.ContextWrapper.registerReceiver(android.content.BroadcastReceiver, android.content.IntentFilter)", "oat_file": "/system/framework/x86_64/boot-framework.oat", "override": false},
        {"function": "android.content.ContextWrapper.sendBroadcast(android.content.Intent, java.lang.String)", "oat_file": "/system/framework/x86_64/boot-framework.oat", "override": false},
        {"function": "android.content.ContextWrapper.sendBroadcast(android.content.Intent)", "oat_file": "/system/framework/x86_64/boot-framework.oat", "override": false},
        {"function": "android.content.ContextWrapper.startActivity(android.content.Intent)", "oat_file": "/system/framework/x86_64/boot-framework.oat", "override": false},
        {"function": "android.content.ContextWrapper.startService(android.content.Intent)", "oat_file": "/system/framework/x86_64/boot-framework.oat", "override": false},
        {"function": "android.content.ContextWrapper.stopService(android.content.Intent)", "oat_file": "/system/framework/x86_64/boot-framework.oat", "override": false},
        {"function": "android.database.sqlite.SQLiteDatabase.compileStatement(java.lang.String)", "oat_file": "/system/framework/x86_64/boot-framework.oat", "override": false},
        {"function": "android.database.sqlite.SQLiteDatabase.deleteDatabase(java.io.File, boolean)", "oat_file": "/system/framework/x86_64/boot-framework.oat", "override": false},
        {"function": "android.database.sqlite.SQLiteDatabase.deleteDatabase(java.io.File)", "oat_file": "/system/framework/x86_64/boot-framework.oat", "override": false},
        {"function": "android.database.sqlite.SQLiteDatabase.execSQL(java.lang.String, java.lang.Object[])", "oat_file": "/system/framework/x86_64/boot-framework.oat", "override": false},
        {"function": "android.database.sqlite.SQLiteDatabase.execSQL(java.lang.String)", "oat_file": "/system/framework/x86_64/boot-framework.oat", "override": false},
        {"function": "android.database.sqlite.SQLiteDatabase.getPath()", "oat_file": "/system/framework/x86_64/boot-framework.oat", "override": false},
        {"function": "android.database.sqlite.SQLiteDatabase.insert(java.lang.String, java.lang.String, android.content.ContentValues)", "oat_file": "/system/framework/x86_64/boot-framework.oat", "override": false},
        {"function": "android.database.sqlite.SQLiteDatabase.insertOrThrow(java.lang.String, java.lang.String, android.content.ContentValues)", "oat_file": "/system/framework/x86_64/boot-framework.oat", "override": false},
        {"function": "android.database.sqlite.SQLiteDatabase.insertWithOnConflict(java.lang.String, java.lang.String, android.content.ContentValues, int)", "oat_file": "/system/framework/x86_64/boot-framework.oat", "override": false},
        {"function": "android.database.sqlite.SQLiteDatabase.openDatabase(java.io.File, android.database.sqlite.SQLiteDatabase$OpenParams)", "oat_file": "/system/framework/x86_64/boot-framework.oat", "override": false},
        {"function": "android.database.sqlite.SQLiteDatabase.openDatabase(java.lang.String, android.database.sqlite.SQLiteDatabase$CursorFactory, int, android.database.DatabaseErrorHandler)", "oat_file": "/system/framework/x86_64/boot-framework.oat", "override": false},
        {"function": "android.database.sqlite.SQLiteDatabase.openDatabase(java.lang.String, android.database.sqlite.SQLiteDatabase$CursorFactory, int)", "oat_file": "/system/framework/x86_64/boot-framework.oat", "override": false},
        {"function": "android.database.sqlite.SQLiteDatabase.openDatabase(java.lang.String, android.database.sqlite.SQLiteDatabase$OpenParams)", "oat_file": "/system/framework/x86_64/boot-framework.oat", "override": false},
        {"function": "android.database.sqlite.SQLiteDatabase.openOrCreateDatabase(java.lang.String, android.database.sqlite.SQLiteDatabase$CursorFactory)", "oat_file": "/system/framework/x86_64/boot-framework.oat", "override": false},
        {"function": "android.database.sqlite.SQLiteDatabase.query(boolean, java.lang.String, java.lang.String[], java.lang.String, java.lang.String[], java.lang.String, java.lang.String, java.lang.String, java.lang.String, android.os.CancellationSignal)", "oat_file": "/system/framework/x86_64/boot-framework.oat", "override": false},
        {"function": "android.database.sqlite.SQLiteDatabase.query(boolean, java.lang.String, java.lang.String[], java.lang.String, java.lang.String[], java.lang.String, java.lang.String, java.lang.String, java.lang.String)", "oat_file": "/system/framework/x86_64/boot-framework.oat", "override": false},
        {"function": "android.database.sqlite.SQLiteDatabase.query(java.lang.String, java.lang.String[], java.lang.String, java.lang.String[], java.lang.String, java.lang.String, java.lang.String, java.lang.String)", "oat_file": "/system/framework/x86_64/boot-framework.oat", "override": false},
        {"function": "android.database.sqlite.SQLiteDatabase.query(java.lang.String, java.lang.String[], java.lang.String, java.lang.String[], java.lang.String, java.lang.String, java.lang.String)", "oat_file": "/system/framework/x86_64/boot-framework.oat", "override": false},
        {"function": "android.database.sqlite.SQLiteDatabase.queryWithFactory(android.database.sqlite.SQLiteDatabase$CursorFactory, boolean, java.lang.String, java.lang.String[], java.lang.String, java.lang.String[], java.lang.String, java.lang.String, java.lang.String, java.lang.String, android.os.CancellationSignal)", "oat_file": "/system/framework/x86_64/boot-framework.oat", "override": false},
        {"function": "android.database.sqlite.SQLiteDatabase.rawQuery(java.lang.String, java.lang.String[], android.os.CancellationSignal)", "oat_file": "/system/framework/x86_64/boot-framework.oat", "override": false},
        {"function": "android.database.sqlite.SQLiteDatabase.rawQuery(java.lang.String, java.lang.String[])", "oat_file": "/system/framework/x86_64/boot-framework.oat", "override": false},
        {"function": "android.database.sqlite.SQLiteDatabase.rawQueryWithFactory(android.database.sqlite.SQLiteDatabase$CursorFactory, java.lang.String, java.lang.String[], java.lang.String, android.os.CancellationSignal)", "oat_file": "/system/framework/x86_64/boot-framework.oat", "override": false},
        {"function": "android.database.sqlite.SQLiteDatabase.rawQueryWithFactory(android.database.sqlite.SQLiteDatabase$CursorFactory, java.lang.String, java.lang.String[], java.lang.String)", "oat_file": "/system/framework/x86_64/boot-framework.oat", "override": false},
        {"function": "android.database.sqlite.SQLiteDatabase.update(java.lang.String, android.content.ContentValues, java.lang.String, java.lang.String[])", "oat_file": "/system/framework/x86_64/boot-framework.oat", "override": false},
        {"function": "android.database.sqlite.SQLiteDatabase.updateWithOnConflict(java.lang.String, android.content.ContentValues, java.lang.String, java.lang.String[], int)", "oat_file": "/system/framework/x86_64/boot-framework.oat", "override": false},
        {"function": "android.location.Location.getLatitude()", "oat_file": "/system/framework/x86_64/boot-framework.oat", "override": false},
        {"function": "android.location.Location.getLongitude()", "oat_file": "/system/framework/x86_64/boot-framework.oat", "override": false},
        {"function": "android.media.AudioRecord.stop()", "oat_file": "/system/framework/x86_64/boot-framework.oat", "override": false},
        {"function": "android.media.MediaRecorder.setAudioSource(int)", "oat_file": "/system/framework/x86_64/boot-framework.oat", "override": false},
        {"function": "android.media.MediaRecorder.setCamera(android.hardware.Camera)", "oat_file": "/system/framework/x86_64/boot-framework.oat", "override": false},
        {"function": "android.media.MediaRecorder.start()", "oat_file": "/system/framework/x86_64/boot-framework.oat", "override": false},
        {"function": "android.media.MediaRecorder.stop()", "oat_file": "/system/framework/x86_64/boot-framework.oat", "override": false},
        {"function": "android.os.Debug.isDebuggerConnected()", "oat_file": "/system/framework/x86_64/boot-framework.oat", "override": false},
        {"function": "android.os.SystemProperties.get(java.lang.String, java.lang.String)", "oat_file": "/system/framework/x86_64/boot-framework.oat", "override": false},
        {"function": "android.os.SystemProperties.get(java.lang.String)", "oat_file": "/system/framework/x86_64/boot-framework.oat", "override": false},
        {"function": "android.telephony.TelephonyManager.getDeviceId()", "oat_file": "/system/framework/x86_64/boot-framework.oat", "override": false},
        {"function": "android.telephony.TelephonyManager.getLine1Number(int)", "oat_file": "/system/framework/x86_64/boot-framework.oat", "override": false},
        {"function": "android.telephony.TelephonyManager.getLine1Number()", "oat_file": "/system/framework/x86_64/boot-framework.oat", "override": false},
        {"function": "android.telephony.TelephonyManager.getNetworkCountryIso(int)", "oat_file": "/system/framework/x86_64/boot-framework.oat", "override": false},
        {"function": "android.telephony.TelephonyManager.getNetworkCountryIso()", "oat_file": "/system/framework/x86_64/boot-framework.oat", "override": false},
        {"function": "android.telephony.TelephonyManager.getNetworkOperatorName(int)", "oat_file": "/system/framework/x86_64/boot-framework.oat", "override": false},
        {"function": "android.telephony.TelephonyManager.getNetworkOperatorName()", "oat_file": "/system/framework/x86_64/boot-framework.oat", "override": false},
        {"function": "android.telephony.TelephonyManager.getNetworkOperator()", "oat_file": "/system/framework/x86_64/boot-framework.oat", "override": false},
        {"function": "android.telephony.TelephonyManager.getSimCountryIso()", "oat_file": "/system/framework/x86_64/boot-framework.oat", "override": false},
        {"function": "android.telephony.TelephonyManager.getSimOperatorName()", "oat_file": "/system/framework/x86_64/boot-framework.oat", "override": false},
        {"function": "android.telephony.TelephonyManager.getSimSerialNumber(int)", "oat_file": "/system/framework/x86_64/boot-framework.oat", "override": false},
        {"function": "android.telephony.TelephonyManager.getSimSerialNumber()", "oat_file": "/system/framework/x86_64/boot-framework.oat", "override": false},
        {"function": "android.telephony.TelephonyManager.getSubscriberId(int)", "oat_file": "/system/framework/x86_64/boot-framework.oat", "override": false},
        {"function": "android.telephony.TelephonyManager.getSubscriberId()", "oat_file": "/system/framework/x86_64/boot-framework.oat", "override": false},
        {"function": "android.telephony.TelephonyManager.listen(android.telephony.PhoneStateListener, int)", "oat_file": "/system/framework/x86_64/boot-framework.oat", "override": false},
        {"function": "android.util.Base64.decode(byte[], int, int, int)", "oat_file": "/system/framework/x86_64/boot-framework.oat", "override": false},
        {"function": "android.util.Base64.decode(byte[], int)", "oat_file": "/system/framework/x86_64/boot-framework.oat", "override": false},
        {"function": "android.util.Base64.decode(java.lang.String, int)", "oat_file": "/system/framework/x86_64/boot-framework.oat", "override": false},
        {"function": "android.util.Base64.encode(byte[], int, int, int)", "oat_file": "/system/framework/x86_64/boot-framework.oat", "override": false},
        {"function": "android.util.Base64.encode(byte[], int)", "oat_file": "/system/framework/x86_64/boot-framework.oat", "override": false},
        {"function": "android.util.Base64.encodeToString(byte[], int, int, int)", "oat_file": "/system/framework/x86_64/boot-framework.oat", "override": false},
        {"function": "android.util.Base64.encodeToString(byte[], int)", "oat_file": "/system/framework/x86_64/boot-framework.oat", "override": false},
        {"function": "android.view.MotionEvent.obtain(android.view.MotionEvent)", "oat_file": "/system/framework/x86_64/boot-framework.oat", "override": false},
        {"function": "android.view.MotionEvent.obtain(long, long, int, float, float, float, float, int, float, float, int, int, int, int)", "oat_file": "/system/framework/x86_64/boot-framework.oat", "override": false},
        {"function": "android.view.MotionEvent.obtain(long, long, int, float, float, float, float, int, float, float, int, int)", "oat_file": "/system/framework/x86_64/boot-framework.oat", "override": false},
        {"function": "android.view.MotionEvent.obtain(long, long, int, float, float, int)", "oat_file": "/system/framework/x86_64/boot-framework.oat", "override": false},
        {"function": "android.view.MotionEvent.obtain()", "oat_file": "/system/framework/x86_64/boot-framework.oat", "override": false},
        {"function": "android.webkit.WebView.addJavascriptInterface(java.lang.Object, java.lang.String)", "oat_file": "/system/framework/x86_64/boot-framework.oat", "override": false},
        {"function": "android.webkit.WebView.evaluateJavascript(java.lang.String, android.webkit.ValueCallback)", "oat_file": "/system/framework/x86_64/boot-framework.oat", "override": false},
        {"function": "android.webkit.WebView.loadDataWithBaseURL(java.lang.String, java.lang.String, java.lang.String, java.lang.String, java.lang.String)", "oat_file": "/system/framework/x86_64/boot-framework.oat", "override": false},
        {"function": "android.webkit.WebView.loadUrl(java.lang.String)", "oat_file": "/system/framework/x86_64/boot-framework.oat", "override": false},
        {"function": "android.webkit.WebView.setWebViewClient(android.webkit.WebViewClient)", "oat_file": "/system/framework/x86_64/boot-framework.oat", "override": false},
        {"function": "com.android.okhttp.internal.huc.HttpURLConnectionImpl.getInputStream()", "oat_file": "/system/framework/x86_64/boot-okhttp.oat", "override": false},
        {"function": "dalvik.system.BaseDexClassLoader.findLibrary(java.lang.String)", "oat_file": "/system/framework/x86_64/boot-core-libart.oat", "override": false},
        {"function": "dalvik.system.BaseDexClassLoader.findResource(java.lang.String)", "oat_file": "/system/framework/x86_64/boot-core-libart.oat", "override": false},
        {"function": "dalvik.system.BaseDexClassLoader.findResources(java.lang.String)", "oat_file": "/system/framework/x86_64/boot-core-libart.oat", "override": false},
        {"function": "dalvik.system.DexClassLoader.<init>(java.lang.String, java.lang.String, java.lang.String, java.lang.ClassLoader)", "oat_file": "/system/framework/x86_64/boot-core-libart.oat", "override": false},
        {"function": "java.io.FileInputStream.read(byte[], int, int)", "oat_file": "/system/framework/x86_64/boot.oat", "override": false},
        {"function": "java.io.FileInputStream.read(byte[])", "oat_file": "/system/framework/x86_64/boot.oat", "override": false},
        {"function": "java.io.FileInputStream.read()", "oat_file": "/system/framework/x86_64/boot.oat", "override": false},
        {"function": "java.io.FileOutputStream.write(byte[], int, int)", "oat_file": "/system/framework/x86_64/boot.oat", "override": false},
        {"function": "java.io.FileOutputStream.write(byte[])", "oat_file": "/system/framework/x86_64/boot.oat", "override": false},
        {"function": "java.io.FileOutputStream.write(int)", "oat_file": "/system/framework/x86_64/boot.oat", "override": false},
        {"function": "java.lang.ProcessBuilder.start()", "oat_file": "/system/framework/x86_64/boot.oat", "override": false},
        {"function": "java.lang.Runtime.exec(java.lang.String, java.lang.String[], java.io.File)", "oat_file": "/system/framework/x86_64/boot.oat", "override": false},
        {"function": "java.lang.Runtime.exec(java.lang.String[], java.lang.String[], java.io.File)", "oat_file": "/system/framework/x86_64/boot.oat", "override": false},
        {"function": "java.lang.Runtime.exec(java.lang.String)", "oat_file": "/system/framework/x86_64/boot.oat", "override": false},
        {"function": "java.lang.Runtime.exec(java.lang.String[])", "oat_file": "/system/framework/x86_64/boot.oat", "override": false},
        {"function": "java.net.Socket.<init>(java.net.InetAddress[], int, java.net.SocketAddress, boolean)", "oat_file": "/system/framework/x86_64/boot.oat", "override": false},
        {"function": "java.net.Socket.<init>(java.net.InetAddress, int)", "oat_file": "/system/framework/x86_64/boot.oat", "override": false},
        {"function": "java.net.Socket.<init>(java.net.SocketImpl)", "oat_file": "/system/framework/x86_64/boot.oat", "override": false},
        {"function": "java.net.Socket.<init>()", "oat_file": "/system/framework/x86_64/boot.oat", "override": false},
        {"function": "java.net.URL.openConnection()", "oat_file": "/system/framework/x86_64/boot.oat", "override": false},
        {"function": "java.security.MessageDigest.digest(byte[], int, int)", "oat_file": "/system/framework/x86_64/boot.oat", "override": false},
        {"function": "java.security.MessageDigest.digest(byte[])", "oat_file": "/system/framework/x86_64/boot.oat", "override": false},
        {"function": "java.security.MessageDigest.digest()", "oat_file": "/system/framework/x86_64/boot.oat", "override": false},
        {"function": "java.security.MessageDigest.update(byte[], int, int)", "oat_file": "/system/framework/x86_64/boot.oat", "override": false},
        {"function": "java.security.MessageDigest.update(byte)", "oat_file": "/system/framework/x86_64/boot.oat", "override": false},
        {"function": "java.security.MessageDigest.update(byte[])", "oat_file": "/system/framework/x86_64/boot.oat", "override": false},
        {"function": "java.security.MessageDigest.update(java.nio.ByteBuffer)", "oat_file": "/system/framework/x86_64/boot.oat", "override": false},
        {"function": "java.util.zip.GZIPInputStream.read(byte[], int, int)", "oat_file": "/system/framework/x86_64/boot.oat", "override": false},
        {"function": "java.util.zip.GZIPOutputStream.write(byte[], int, int)", "oat_file": "/system/framework/x86_64/boot.oat", "override": false},
        {"function": "javax.crypto.Cipher.doFinal(byte[], int, int, byte[], int)", "oat_file": "/system/framework/x86_64/boot.oat", "override": false},
        {"function": "javax.crypto.Cipher.doFinal(byte[], int, int)", "oat_file": "/system/framework/x86_64/boot.oat", "override": false},
        {"function": "javax.crypto.Cipher.doFinal(byte[], int)", "oat_file": "/system/framework/x86_64/boot.oat", "override": false},
        {"function": "javax.crypto.Cipher.doFinal(byte[])", "oat_file": "/system/framework/x86_64/boot.oat", "override": false},
        {"function": "javax.crypto.Cipher.doFinal(java.nio.ByteBuffer, java.nio.ByteBuffer)", "oat_file": "/system/framework/x86_64/boot.oat", "override": false},
        {"function": "javax.crypto.Cipher.doFinal()", "oat_file": "/system/framework/x86_64/boot.oat", "override": false},
        {"function": "javax.crypto.spec.SecretKeySpec.<init>(byte[], java.lang.String)", "oat_file": "/system/framework/x86_64/boot.oat", "override": false},
        {"function": "libcore.io.IoBridge.open(java.lang.String, int)", "oat_file": "/system/framework/x86_64/boot-core-libart.oat", "override": false},
        {"function": "org.json.JSONObject.optString(java.lang.String, java.lang.String)", "oat_file": "/system/framework/x86_64/boot-core-libart.oat", "override": false},
        {"function": "org.json.JSONObject.optString(java.lang.String)", "oat_file": "/system/framework/x86_64/boot-core-libart.oat", "override": false},
        {"function": "org.json.JSONObject.put(java.lang.String, boolean)", "oat_file": "/system/framework/x86_64/boot-core-libart.oat", "override": false},
        {"function": "org.json.JSONObject.put(java.lang.String, double)", "oat_file": "/system/framework/x86_64/boot-core-libart.oat", "override": false},
        {"function": "org.json.JSONObject.put(java.lang.String, int)", "oat_file": "/system/framework/x86_64/boot-core-libart.oat", "override": false},
        {"function": "org.json.JSONObject.put(java.lang.String, java.lang.Object)", "oat_file": "/system/framework/x86_64/boot-core-libart.oat", "override": false},
        {"function": "org.json.JSONObject.put(java.lang.String, long)", "oat_file": "/system/framework/x86_64/boot-core-libart.oat", "override": false}
    ]
}
