{
    "kprobes-syscalls": [
        {"function": "connect", "override": false},
        {"function": "execve(const char *pathname, char *const argv[], char *const envp[])", "override": false},
        {"function": "open", "override": false},
        {"function": "unlink", "override": false},
        {"function": "accept", "override": false},
        {"function": "accept4", "override": false},
        {"function": "bind", "override": false},
        {"function": "listen", "override": false},
        {"function": "send", "override": false},
        {"function": "fork", "override": false},
        {"function": "clone", "override": false},
        {"function": "ptrace", "override": false},
        {"function": "openat(int dirfd, const char __user *pathname, int flags)", "override": false}
    ],
    "kprobes-non-syscalls": [
        {"function": "tcp_v4_connect", "override": false}
    ],
    "uprobes-so": [
        {"function": "android_getaddrinfofornet", "so_file": "/apex/com.android.runtime/lib64/bionic/libc.so", "override": false},
        {"function": "system", "so_file": "/apex/com.android.runtime/lib64/bionic/libc.so", "override": false},
        {"function": "getgid", "so_file": "/apex/com.android.runtime/lib64/bionic/libc.so", "override": false},
        {"function": "setuid", "so_file": "/apex/com.android.runtime/lib64/bionic/libc.so", "override": false},
        {"function": "setgid", "so_file": "/apex/com.android.runtime/lib64/bionic/libc.so", "override": false}
    ],
    "uprobes-oat": [
        {"function": "android.app.ActivityManager.getRunningAppProcesses()", "oat_file": "/system/framework/x86_64/boot-framework.oat", "override": false},
        {"function": "android.app.admin.DevicePolicyManager.isAdminActive(android.content.ComponentName)", "oat_file": "/system/framework/x86_64/boot-framework.oat", "override": false},
        {"function": "android.app.admin.DevicePolicyManager.isAdminActiveAsUser(android.content.ComponentName, int)", "oat_file": "/system/framework/x86_64/boot-framework.oat", "override": false},
        {"function": "android.app.ContextImpl.checkPermission(java.lang.String, int, int)", "oat_file": "/system/framework/x86_64/boot-framework.oat", "override": false},
        {"function": "android.app.ContextImpl.checkPermission(java.lang.String, int, int, android.os.IBinder)", "oat_file": "/system/framework/x86_64/boot-framework.oat", "override": false},
        {"function": "android.os.SystemProperties.get(java.lang.String)", "oat_file": "/system/framework/x86_64/boot-framework.oat", "override": false},
        {"function": "android.os.SystemProperties.get(java.lang.String, java.lang.String)", "oat_file": "/system/framework/x86_64/boot-framework.oat", "override": false},
        {"function": "android.os.SystemProperties.getBoolean(java.lang.String, boolean)", "oat_file": "/system/framework/x86_64/boot-framework.oat", "override": false},
        {"function": "android.os.SystemProperties.getInt(java.lang.String, int)", "oat_file": "/system/framework/x86_64/boot-framework.oat", "override": false},
        {"function": "android.os.SystemProperties.getLong(java.lang.String, long)", "oat_file": "/system/framework/x86_64/boot-framework.oat", "override": false},
        {"function": "android.telephony.TelephonyManager.getNetworkCountryIso()", "oat_file": "/system/framework/x86_64/boot-framework.oat", "override": false},
        {"function": "android.telephony.TelephonyManager.getNetworkCountryIso(int)", "oat_file": "/system/framework/x86_64/boot-framework.oat", "override": false},
        {"function": "android.app.ActivityThread.currentActivityThread()", "oat_file": "/system/framework/x86_64/boot-framework.oat", "override": false},
        {"function": "dalvik.system.BaseDexClassLoader.<init>(java.lang.String, java.io.File, java.lang.String, java.lang.ClassLoader)", "oat_file": "/system/framework/x86_64/boot-core-libart.oat", "override": false},
        {"function": "dalvik.system.BaseDexClassLoader.<init>(java.lang.String, java.lang.String, java.lang.ClassLoader, java.lang.ClassLoader[])", "oat_file": "/system/framework/x86_64/boot-core-libart.oat", "override": false},
        {"function": "dalvik.system.BaseDexClassLoader.<init>(java.lang.String, java.lang.String, java.lang.ClassLoader, java.lang.ClassLoader[], java.lang.ClassLoader[])", "oat_file": "/system/framework/x86_64/boot-core-libart.oat", "override": false},
        {"function": "dalvik.system.BaseDexClassLoader.<init>(java.lang.String, java.lang.String, java.lang.ClassLoader, java.lang.ClassLoader[], java.lang.ClassLoader[], boolean)", "oat_file": "/system/framework/x86_64/boot-core-libart.oat", "override": false},
        {"function": "dalvik.system.DexFile.openDexFileNative(java.lang.String, java.lang.String, int, java.lang.ClassLoader, dalvik.system.DexPathList$Element[])", "oat_file": "/system/framework/x86_64/boot-core-libart.oat", "override": false},
        {"function": "java.lang.ClassLoader.getPackage(java.lang.String)", "oat_file": "/system/framework/x86_64/boot.oat", "override": false},
        {"function": "java.io.File.delete()", "oat_file": "/system/framework/x86_64/boot.oat", "override": false},
        {"function": "java.util.zip.ZipFile.open(java.lang.String, int, long, boolean)", "oat_file": "/system/framework/x86_64/boot.oat", "override": false},
        {"function": "java.net.Socket.connect(java.net.SocketAddress)", "oat_file": "/system/framework/x86_64/boot.oat", "override": false},
        {"function": "com.android.internal.os.Zygote.forkAndSpecialize(int, int, int[], int, int[][], int, java.lang.String, java.lang.String, int[], int[], boolean, java.lang.String, java.lang.String, boolean, java.lang.String[], java.lang.String[], boolean, boolean)", "oat_file": "/system/framework/x86_64/boot-framework.oat", "override": false},
        {"function": "com.android.internal.os.Zygote.forkSystemServer(int, int, int[], int, int[][], long, long)", "oat_file": "/system/framework/x86_64/boot-framework.oat", "override": false},
        {"function": "com.android.internal.os.ZygoteInit.forkSystemServer(java.lang.String, java.lang.String, com.android.internal.os.ZygoteServer)", "oat_file": "/system/framework/x86_64/boot-framework.oat", "override": false},
        {"function": "java.lang.UNIXProcess.forkAndExec(byte[], byte[], int, byte[], int, byte[], int[], boolean)", "oat_file": "/system/framework/x86_64/boot.oat", "override": false},
        {"function": "java.lang.Runtime.exec(java.lang.String)", "oat_file": "/system/framework/x86_64/boot.oat", "override": false},
        {"function": "java.lang.Runtime.exec(java.lang.String, java.lang.String[], java.io.File)", "oat_file": "/system/framework/x86_64/boot.oat", "override": false},
        {"function": "java.lang.Runtime.exec(java.lang.String[])", "oat_file": "/system/framework/x86_64/boot.oat", "override": false},
        {"function": "java.lang.Runtime.exec(java.lang.String[], java.lang.String[], java.io.File)", "oat_file": "/system/framework/x86_64/boot.oat", "override": false},
        {"function": "android.app.ContextImpl.bindService(android.content.Intent, android.content.ServiceConnection, int)", "oat_file": "/system/framework/x86_64/boot-framework.oat", "override": false},
        {"function": "android.util.Base64.decode(java.lang.String, int)", "oat_file": "/system/framework/x86_64/boot-framework.oat", "override": false},
        {"function": "com.android.org.bouncycastle.crypto.macs.HMac.doFinal(byte[], int)", "oat_file": "/system/framework/x86_64/boot-bouncycastle.oat", "override": false},
        {"function": "com.android.org.bouncycastle.crypto.paddings.PaddedBufferedBlockCipher.doFinal(byte[], int)", "oat_file": "/system/framework/x86_64/boot-bouncycastle.oat", "override": false},
        {"function": "com.android.org.bouncycastle.jcajce.provider.symmetric.util.BaseBlockCipher$BufferedGenericBlockCipher.doFinal(byte[], int)", "oat_file": "/system/framework/x86_64/boot-bouncycastle.oat", "override": false},
        {"function": "com.android.org.bouncycastle.crypto.digests.OpenSSLDigest.doFinal(byte[], int)", "oat_file": "/system/framework/x86_64/boot-bouncycastle.oat", "override": false},
        {"function": "android.security.keystore2.AndroidKeyStoreAuthenticatedAESCipherSpi$BufferAllOutputUntilDoFinalStreamer.doFinal(byte[], int, int, byte[])", "oat_file": "/system/framework/x86_64/boot-framework.oat", "override": false},
        {"function": "android.security.keystore2.KeyStoreCryptoOperationChunkedStreamer.doFinal(byte[], int, int, byte[])", "oat_file": "/system/framework/x86_64/boot-framework.oat", "override": false},
        {"function": "javax.crypto.Cipher.doFinal(java.nio.ByteBuffer, java.nio.ByteBuffer)", "oat_file": "/system/framework/x86_64/boot.oat", "override": false},
        {"function": "javax.crypto.Cipher.doFinal(byte[], int)", "oat_file": "/system/framework/x86_64/boot.oat", "override": false},
        {"function": "javax.crypto.Cipher.doFinal(byte[], int, int, byte[], int)", "oat_file": "/system/framework/x86_64/boot.oat", "override": false},
        {"function": "javax.crypto.Cipher.doFinal()", "oat_file": "/system/framework/x86_64/boot.oat", "override": false},
        {"function": "javax.crypto.Cipher.doFinal(byte[])", "oat_file": "/system/framework/x86_64/boot.oat", "override": false},
        {"function": "javax.crypto.Cipher.doFinal(byte[], int, int)", "oat_file": "/system/framework/x86_64/boot.oat", "override": false},
        {"function": "javax.crypto.Mac.doFinal(byte[], int)", "oat_file": "/system/framework/x86_64/boot.oat", "override": false},
        {"function": "javax.crypto.Mac.doFinal()", "oat_file": "/system/framework/x86_64/boot.oat", "override": false},
        {"function": "javax.crypto.Mac.doFinal(byte[])", "oat_file": "/system/framework/x86_64/boot.oat", "override": false},
        {"function": "java.util.zip.ZipFile.read(long, long, long, byte[], int, int)", "oat_file": "/system/framework/x86_64/boot.oat", "override": false},
        {"function": "java.io.File.getPath()", "oat_file": "/system/framework/x86_64/boot.oat", "override": false},
        {"function": "java.lang.ClassLoader.loadClass(java.lang.String)", "oat_file": "/system/framework/x86_64/boot.oat", "override": false}
    ]
}